num,us,ms,count,enable,1k,Gx,Gy,Gz
1,0,-170,-72,-864,-98,5323,-257,110
2,0,-171,-73,-865,-99,5319,-257,110
3,0,-170,-73,-865,-99,5321,-258,109
4,0,-171,-74,-865,-99,5319,-257,110
5,0,-170,-74,-866,-99,5320,-257,110
6,0,-170,-72,-865,-100,5318,-256,109
7,0,-170,-72,-865,-99,5315,-255,110
8,0,-171,-73,-865,-99,5318,-258,109
9,0,-172,-73,-865,-98,5315,-259,111
10,0,-171,-74,-865,-98,5317,-258,111
11,1,-171,-73,-865,-99,5316,-256,109
12,1,-171,-73,-866,-98,5317,-259,110
13,1,-171,-73,-866,-99,5317,-257,109
14,1,-170,-72,-865,-99,5319,-258,109
15,1,-171,-73,-865,-100,5320,-257,109
16,1,-171,-73,-865,-98,5316,-258,110
17,1,-170,-73,-865,-100,5318,-258,109
18,1,-170,-72,-864,-100,5320,-257,109
19,1,-170,-71,-864,-100,5322,-257,109
20,1,-170,-72,-865,-99,5319,-258,109
21,2,-170,-73,-866,-98,5318,-257,110
22,2,-171,-72,-866,-100,5319,-257,109
23,2,-171,-73,-866,-99,5322,-256,110
24,2,-170,-72,-865,-99,5321,-257,109
25,2,-169,-71,-865,-100,5320,-258,108
26,2,-169,-71,-865,-100,5322,-257,108
27,2,-171,-72,-865,-101,5322,-258,109
28,2,-171,-73,-866,-100,5318,-258,110
29,2,-172,-73,-866,-100,5320,-257,108
30,2,-171,-72,-866,-100,5320,-257,108
31,3,-172,-74,-866,-102,5317,-261,107
32,3,-171,-74,-866,-101,5314,-261,107
33,3,-170,-71,-864,-101,5318,-257,109
34,3,-170,-73,-865,-99,5318,-257,108
35,3,-171,-73,-866,-101,5321,-258,109
36,3,-171,-73,-866,-100,5316,-259,107
37,3,-172,-73,-866,-100,5316,-259,108
38,3,-170,-73,-866,-99,5318,-258,109
39,3,-170,-72,-866,-100,5315,-258,108
40,3,-171,-73,-866,-100,5318,-258,108
41,4,-172,-72,-865,-101,5316,-259,107
42,4,-171,-73,-865,-100,5314,-256,108
43,4,-171,-73,-865,-102,5315,-259,108
44,4,-172,-72,-865,-101,5314,-261,108
45,4,-171,-74,-865,-100,5314,-259,108
46,4,-170,-72,-867,-101,5318,-260,108
47,4,-172,-73,-866,-101,5317,-259,107
48,4,-170,-73,-866,-103,5315,-259,108
49,4,-171,-74,-866,-101,5314,-259,107
50,4,-173,-73,-865,-101,5316,-261,107
51,5,-172,-74,-866,-102,5317,-261,107
52,5,-171,-74,-866,-101,5314,-261,107
53,5,-171,-73,-866,-101,5313,-260,107
54,5,-172,-72,-866,-100,5319,-260,107
55,5,-170,-72,-866,-102,5315,-261,108
56,5,-171,-72,-865,-103,5316,-261,106
57,5,-171,-73,-865,-102,5313,-261,107
58,5,-171,-72,-865,-102,5316,-261,107
59,5,-172,-72,-865,-101,5317,-262,107
60,5,-171,-72,-865,-102,5316,-261,106
61,6,-171,-72,-865,-101,5315,-264,107
62,6,-171,-73,-864,-102,5312,-262,106
63,6,-170,-72,-865,-103,5315,-263,106
64,6,-171,-71,-865,-101,5314,-262,106
65,6,-170,-74,-864,-101,5313,-264,106
66,6,-170,-73,-864,-102,5314,-262,106
67,6,-171,-72,-865,-102,5312,-263,106
68,6,-171,-73,-865,-102,5311,-262,105
69,6,-171,-74,-863,-102,5312,-264,106
70,6,-172,-73,-865,-101,5315,-264,107
71,7,-171,-73,-865,-102,5311,-263,105
72,7,-170,-74,-865,-102,5310,-264,106
73,7,-172,-73,-865,-101,5309,-264,105
74,7,-172,-73,-865,-103,5310,-264,107
75,7,-172,-74,-866,-103,5310,-263,105
76,7,-172,-75,-866,-102,5311,-265,105
77,7,-171,-73,-866,-102,5310,-262,105
78,7,-171,-72,-865,-103,5312,-263,105
79,7,-171,-73,-865,-103,5315,-264,104
80,7,-172,-73,-864,-104,5312,-263,104
81,8,-171,-73,-864,-105,5303,-269,104
82,8,-172,-73,-865,-105,5310,-265,104
83,8,-172,-73,-865,-104,5309,-265,104
84,8,-172,-73,-865,-105,5309,-262,104
85,8,-171,-74,-865,-105,5303,-264,104
86,8,-172,-73,-865,-105,5308,-267,105
87,8,-172,-73,-864,-105,5308,-265,104
88,8,-171,-73,-865,-105,5309,-264,104
89,8,-172,-73,-864,-105,5307,-266,104
90,8,-171,-73,-865,-105,5305,-268,103
91,9,-171,-73,-864,-105,5305,-269,104
92,9,-171,-73,-865,-105,5302,-269,104
93,9,-171,-73,-865,-105,5302,-269,105
94,9,-171,-73,-865,-105,5303,-270,104
95,9,-172,-73,-865,-105,5302,-269,104
96,9,-171,-74,-864,-105,5301,-270,103
97,9,-170,-74,-865,-104,5302,-268,104
98,9,-171,-73,-864,-105,5300,-269,104
99,9,-171,-72,-865,-105,5299,-269,104
100,9,-171,-72,-863,-105,5302,-270,104
101,10,-171,-73,-864,-105,5303,-269,104
102,10,-172,-73,-865,-104,5305,-270,104
103,10,-172,-74,-865,-104,5301,-269,104
104,10,-171,-73,-865,-106,5303,-270,104
105,10,-172,-72,-864,-105,5303,-269,103
106,10,-171,-73,-864,-105,5301,-270,104
107,10,-171,-73,-864,-106,5301,-269,104
108,10,-172,-73,-864,-106,5301,-271,103
109,10,-171,-72,-864,-105,5301,-271,103
110,10,-172,-72,-864,-105,5301,-270,103
111,11,-171,-72,-864,-106,5303,-271,104
112,11,-172,-72,-863,-106,5299,-271,104
113,11,-171,-73,-864,-106,5301,-269,103
114,11,-170,-73,-863,-107,5295,-271,102
115,11,-170,-73,-864,-105,5299,-271,103
116,11,-172,-72,-863,-105,5299,-270,103
117,11,-172,-72,-863,-107,5295,-271,104
118,11,-170,-72,-864,-105,5297,-272,103
119,11,-171,-71,-864,-106,5300,-273,102
120,11,-171,-73,-864,-105,5301,-270,103
121,12,-171,-73,-863,-105,5301,-270,104
122,12,-171,-73,-864,-107,5298,-271,102
123,12,-172,-73,-864,-106,5297,-270,102
124,12,-172,-73,-864,-106,5298,-272,103
125,12,-172,-73,-864,-106,5296,-271,101
126,12,-171,-73,-863,-107,5297,-271,103
127,12,-173,-72,-864,-106,5296,-271,103
128,12,-172,-73,-864,-106,5299,-271,103
129,12,-170,-72,-864,-107,5298,-272,102
130,12,-172,-72,-865,-107,5300,-271,103
131,13,-172,-74,-866,-108,5302,-271,102
132,13,-172,-73,-865,-108,5299,-270,102
133,13,-172,-73,-865,-109,5300,-271,102
134,13,-172,-74,-864,-108,5301,-270,103
135,13,-172,-73,-864,-106,5299,-271,103
136,13,-171,-73,-863,-108,5303,-271,103
137,13,-171,-73,-864,-108,5301,-271,103
138,13,-172,-72,-863,-109,5298,-271,103
139,13,-172,-73,-864,-107,5298,-270,102
140,13,-171,-73,-863,-107,5303,-271,102
141,14,-170,-72,-864,-110,5293,-273,102
142,14,-170,-72,-864,-110,5295,-271,101
143,14,-172,-72,-864,-108,5301,-270,103
144,14,-172,-73,-864,-108,5299,-270,103
145,14,-173,-72,-865,-107,5299,-270,102
146,14,-172,-73,-864,-108,5299,-272,102
147,14,-172,-72,-864,-108,5299,-271,102
148,14,-171,-73,-864,-108,5299,-271,102
149,14,-171,-73,-864,-109,5302,-270,102
150,14,-170,-73,-864,-109,5298,-271,101
151,15,-171,-72,-865,-109,5291,-272,101
152,15,-172,-72,-863,-108,5296,-271,102
153,15,-172,-72,-864,-108,5298,-272,102
154,15,-171,-71,-864,-108,5299,-272,102
155,15,-170,-73,-863,-109,5299,-272,101
156,15,-171,-73,-863,-108,5298,-272,101
157,15,-170,-72,-863,-109,5299,-271,102
158,15,-171,-72,-863,-108,5300,-272,101
159,15,-171,-72,-864,-109,5299,-271,101
160,15,-170,-73,-864,-109,5295,-274,102
161,16,-170,-72,-864,-110,5293,-273,102
162,16,-170,-72,-864,-110,5295,-271,101
163,16,-171,-72,-865,-109,5295,-273,101
164,16,-171,-73,-866,-109,5293,-272,101
165,16,-172,-75,-866,-110,5292,-271,100
166,16,-172,-73,-866,-110,5292,-272,100
167,16,-172,-73,-865,-109,5290,-271,101
168,16,-171,-73,-864,-109,5291,-272,102
169,16,-171,-73,-867,-109,5294,-272,102
170,16,-171,-72,-866,-109,5290,-273,102
171,17,-171,-72,-865,-109,5291,-272,101
172,17,-170,-72,-864,-109,5289,-274,100
173,17,-171,-73,-865,-108,5291,-271,100
174,17,-171,-73,-865,-108,5287,-271,101
175,17,-170,-71,-864,-109,5285,-271,101
176,17,-171,-72,-865,-110,5287,-269,101
177,17,-171,-72,-865,-110,5287,-270,101
178,17,-171,-71,-865,-111,5289,-269,101
179,17,-171,-72,-865,-110,5286,-271,101
180,17,-171,-72,-865,-110,5287,-273,101
181,18,-172,-73,-865,-111,5282,-269,99
182,18,-170,-71,-864,-110,5285,-271,101
183,18,-171,-71,-864,-111,5287,-270,101
184,18,-171,-71,-865,-111,5289,-270,100
185,18,-171,-72,-866,-110,5288,-271,101
186,18,-171,-72,-865,-111,5288,-271,99
187,18,-172,-73,-867,-111,5287,-271,100
188,18,-172,-73,-867,-111,5287,-272,100
189,18,-171,-72,-866,-110,5282,-272,101
190,18,-171,-73,-865,-111,5284,-272,100
191,19,-170,-72,-865,-111,5284,-267,100
192,19,-171,-72,-866,-111,5283,-273,101
193,19,-171,-72,-866,-110,5284,-272,101
194,19,-171,-72,-865,-110,5283,-272,100
195,19,-172,-73,-866,-110,5282,-271,101
196,19,-173,-73,-866,-110,5282,-271,100
197,19,-172,-73,-866,-111,5280,-270,99
198,19,-171,-72,-866,-110,5282,-269,100
199,19,-170,-73,-865,-110,5282,-270,100
200,19,-171,-73,-866,-109,5282,-268,99
201,20,-172,-73,-865,-111,5282,-269,99
202,20,-171,-72,-866,-109,5283,-269,100
203,20,-171,-72,-866,-110,5284,-270,99
204,20,-170,-72,-865,-112,5284,-270,100
205,20,-170,-72,-865,-110,5284,-270,99
206,20,-170,-72,-865,-111,5285,-270,99
207,20,-170,-71,-865,-111,5284,-270,99
208,20,-171,-72,-866,-111,5285,-269,99
209,20,-171,-72,-865,-111,5284,-270,100
210,20,-170,-72,-865,-111,5282,-270,100
211,21,-170,-72,-865,-111,5284,-267,100
212,21,-170,-72,-865,-110,5284,-267,100
213,21,-170,-72,-866,-110,5285,-267,99
214,21,-171,-72,-865,-111,5285,-269,99
215,21,-171,-72,-864,-111,5284,-269,100
216,21,-171,-72,-865,-113,5285,-269,99
217,21,-170,-72,-865,-111,5285,-270,99
218,21,-169,-72,-865,-112,5280,-269,99
219,21,-170,-71,-864,-111,5283,-268,99
220,21,-170,-71,-865,-111,5285,-268,98
221,22,-169,-72,-865,-112,5283,-268,100
222,22,-169,-72,-865,-111,5280,-270,99
223,22,-170,-73,-865,-111,5281,-269,98
224,22,-171,-71,-865,-111,5281,-267,98
225,22,-170,-71,-864,-111,5284,-268,100
226,22,-171,-72,-864,-111,5282,-270,99
227,22,-171,-71,-865,-112,5283,-270,98
228,22,-170,-72,-864,-111,5283,-271,99
229,22,-170,-70,-865,-111,5283,-268,99
230,22,-170,-71,-864,-113,5281,-270,98
231,23,-171,-71,-864,-112,5283,-270,99
232,23,-169,-71,-863,-112,5282,-269,100
233,23,-168,-70,-863,-112,5280,-269,98
234,23,-170,-71,-864,-112,5279,-269,99
235,23,-170,-71,-864,-114,5281,-268,100
236,23,-171,-71,-865,-113,5278,-270,99
237,23,-171,-71,-864,-114,5279,-272,99
238,23,-170,-71,-865,-114,5281,-268,99
239,23,-170,-72,-865,-113,5280,-269,100
240,23,-170,-71,-864,-113,5280,-270,100
241,24,-170,-71,-864,-113,5278,-269,99
242,24,-170,-71,-864,-113,5279,-271,100
243,24,-171,-71,-864,-113,5281,-269,99
244,24,-171,-71,-865,-114,5279,-273,99
245,24,-171,-71,-865,-115,5279,-272,98
246,24,-171,-72,-864,-115,5280,-271,100
247,24,-171,-71,-864,-113,5279,-272,98
248,24,-170,-72,-864,-113,5278,-270,98
249,24,-170,-71,-864,-114,5275,-270,99
250,24,-170,-72,-864,-113,5275,-270,98
251,25,-172,-72,-863,-114,5270,-270,98
252,25,-171,-72,-864,-115,5269,-268,97
253,25,-171,-72,-865,-113,5280,-271,99
254,25,-170,-72,-865,-113,5274,-270,98
255,25,-170,-72,-864,-113,5278,-271,99
256,25,-171,-72,-864,-112,5277,-271,99
257,25,-170,-71,-864,-114,5275,-271,98
258,25,-170,-72,-864,-112,5276,-269,97
259,25,-169,-72,-863,-112,5278,-270,99
260,25,-171,-71,-864,-112,5275,-272,99
261,26,-170,-71,-864,-113,5273,-270,98
262,26,-170,-71,-864,-114,5272,-270,98
263,26,-169,-71,-864,-113,5273,-270,97
264,26,-171,-72,-863,-112,5273,-270,98
265,26,-171,-72,-865,-114,5274,-269,98
266,26,-170,-72,-864,-114,5274,-269,98
267,26,-170,-71,-865,-114,5271,-269,99
268,26,-170,-71,-863,-113,5273,-268,97
269,26,-169,-71,-863,-114,5270,-269,98
270,26,-170,-71,-863,-113,5267,-269,98
271,27,-172,-72,-863,-114,5270,-270,98
272,27,-171,-72,-864,-115,5269,-268,97
273,27,-170,-72,-864,-114,5267,-269,98
274,27,-171,-72,-864,-114,5269,-269,97
275,27,-171,-72,-864,-113,5271,-270,98
276,27,-171,-71,-865,-115,5271,-269,97
277,27,-171,-72,-865,-115,5270,-268,98
278,27,-171,-72,-863,-114,5273,-268,97
279,27,-171,-73,-864,-114,5271,-268,97
280,27,-170,-72,-865,-114,5271,-268,96
281,28,-170,-73,-865,-114,5267,-267,98
282,28,-170,-72,-865,-115,5272,-269,97
283,28,-171,-72,-864,-114,5269,-268,96
284,28,-171,-72,-864,-114,5266,-268,96
285,28,-171,-72,-865,-115,5267,-267,97
286,28,-170,-72,-864,-114,5267,-270,96
287,28,-171,-71,-864,-113,5267,-267,97
288,28,-170,-73,-864,-114,5267,-268,96
289,28,-171,-71,-863,-114,5265,-266,97
290,28,-172,-73,-864,-114,5266,-269,97
291,29,-171,-71,-864,-114,5262,-267,96
292,29,-170,-72,-864,-114,5262,-268,98
293,29,-171,-72,-865,-115,5259,-268,95
294,29,-171,-72,-865,-114,5262,-269,96
295,29,-170,-72,-865,-115,5260,-270,95
296,29,-171,-72,-865,-115,5261,-269,96
297,29,-171,-73,-864,-114,5260,-270,95
298,29,-171,-72,-865,-115,5258,-269,95
299,29,-170,-72,-865,-114,5260,-270,96
300,29,-171,-73,-865,-114,5260,-267,96
301,30,-171,-72,-864,-111,5258,-264,96
302,30,-171,-72,-865,-112,5258,-267,96
303,30,-172,-73,-865,-114,5257,-264,96
304,30,-171,-72,-864,-113,5257,-266,97
305,30,-172,-73,-865,-114,5258,-266,95
306,30,-171,-72,-864,-113,5259,-265,96
307,30,-170,-72,-865,-112,5258,-266,97
308,30,-170,-72,-864,-112,5257,-267,96
309,30,-171,-72,-865,-110,5260,-266,96
310,30,-171,-72,-865,-112,5257,-267,97
311,31,-171,-72,-865,-111,5258,-266,96
312,31,-170,-72,-865,-110,5261,-267,95
313,31,-171,-72,-865,-111,5259,-266,96
314,31,-172,-72,-865,-112,5258,-265,96
315,31,-171,-74,-864,-112,5259,-263,96
316,31,-171,-73,-865,-110,5259,-265,96
317,31,-171,-72,-865,-111,5260,-267,95
318,31,-171,-72,-865,-111,5261,-265,96
319,31,-172,-73,-866,-111,5262,-264,96
320,31,-172,-72,-865,-111,5259,-265,96
321,32,-170,-72,-865,-109,5260,-263,95
322,32,-171,-73,-865,-111,5255,-267,95
323,32,-172,-73,-865,-110,5259,-265,96
324,32,-171,-73,-866,-109,5258,-265,97
325,32,-170,-72,-865,-110,5258,-267,97
326,32,-172,-73,-866,-110,5258,-266,96
327,32,-172,-73,-864,-109,5258,-266,95
328,32,-172,-73,-865,-109,5255,-265,96
329,32,-172,-73,-866,-110,5255,-266,96
330,32,-171,-72,-865,-109,5257,-265,96
331,33,-171,-73,-865,-109,5256,-266,97
332,33,-172,-72,-865,-108,5258,-265,97
333,33,-170,-73,-866,-108,5258,-264,97
334,33,-170,-73,-864,-109,5260,-263,96
335,33,-171,-72,-866,-108,5259,-265,98
336,33,-171,-73,-866,-107,5259,-264,97
337,33,-171,-73,-866,-108,5261,-263,95
338,33,-172,-72,-866,-109,5260,-263,95
339,33,-172,-72,-865,-109,5262,-264,96
340,33,-170,-72,-866,-107,5264,-263,96
341,34,-170,-72,-865,-109,5260,-263,95
342,34,-172,-73,-866,-108,5264,-262,96
343,34,-172,-73,-866,-108,5261,-264,95
344,34,-172,-73,-866,-107,5261,-264,95
345,34,-172,-73,-865,-108,5264,-263,96
346,34,-170,-73,-866,-109,5266,-262,95
347,34,-171,-72,-866,-108,5263,-263,95
348,34,-172,-72,-867,-108,5264,-261,96
349,34,-172,-72,-866,-109,5264,-263,94
350,34,-171,-73,-866,-109,5266,-260,96
351,35,-173,-74,-867,-108,5263,-262,93
352,35,-172,-74,-867,-108,5265,-264,96
353,35,-171,-73,-867,-109,5265,-264,95
354,35,-171,-73,-865,-109,5262,-263,97
355,35,-172,-72,-866,-109,5266,-262,94
356,35,-173,-74,-866,-108,5265,-263,95
357,35,-172,-74,-867,-107,5266,-263,95
358,35,-173,-74,-867,-108,5267,-262,96
359,35,-173,-74,-867,-109,5264,-263,96
360,35,-172,-74,-867,-108,5265,-262,94
361,36,-172,-72,-866,-109,5266,-261,93
362,36,-171,-72,-867,-110,5269,-262,92
363,36,-171,-73,-866,-110,5269,-260,94
364,36,-172,-74,-866,-109,5266,-262,94
365,36,-172,-73,-866,-110,5265,-262,94
366,36,-173,-74,-867,-109,5265,-262,94
367,36,-172,-75,-868,-108,5268,-261,93
368,36,-173,-74,-868,-109,5264,-264,94
369,36,-173,-74,-867,-109,5268,-262,94
370,36,-172,-74,-866,-108,5266,-263,94
371,37,-173,-74,-867,-108,5263,-262,93
372,37,-173,-73,-867,-110,5265,-262,94
373,37,-172,-73,-867,-110,5269,-261,94
374,37,-173,-73,-867,-108,5266,-262,93
375,37,-172,-72,-866,-109,5267,-262,94
376,37,-172,-73,-866,-109,5269,-263,95
377,37,-174,-73,-867,-110,5265,-263,93
378,37,-173,-73,-866,-110,5266,-263,93
379,37,-172,-72,-866,-107,5266,-262,94
380,37,-171,-73,-866,-109,5267,-262,94
381,38,-172,-72,-866,-109,5266,-261,93
382,38,-171,-72,-867,-110,5269,-262,92
383,38,-171,-73,-866,-110,5269,-260,94
384,38,-172,-72,-866,-112,5267,-263,92
385,38,-172,-73,-866,-110,5268,-261,93
386,38,-171,-72,-867,-110,5268,-262,94
387,38,-172,-73,-866,-112,5268,-263,93
388,38,-173,-74,-865,-111,5267,-261,94
389,38,-173,-73,-866,-111,5266,-262,93
390,38,-173,-73,-866,-112,5266,-262,93
391,39,-172,-73,-866,-113,5265,-262,93
392,39,-172,-73,-867,-113,5267,-261,93
393,39,-171,-72,-865,-114,5266,-261,93
394,39,-172,-72,-865,-115,5266,-261,93
395,39,-173,-72,-866,-116,5266,-261,93
396,39,-172,-73,-866,-115,5266,-262,94
397,39,-172,-73,-866,-114,5267,-261,93
398,39,-173,-73,-866,-114,5267,-261,93
399,39,-172,-73,-866,-114,5268,-261,92
400,39,-173,-73,-866,-115,5268,-260,93
401,40,-172,-73,-866,-114,5269,-262,94
402,40,-172,-74,-866,-114,5270,-262,93
403,40,-173,-74,-866,-115,5269,-260,93
404,40,-174,-73,-866,-116,5270,-260,93
405,40,-173,-73,-866,-116,5272,-261,93
406,40,-172,-73,-865,-116,5272,-258,93
407,40,-174,-73,-866,-115,5272,-260,93
408,40,-174,-73,-865,-117,5271,-259,93
409,40,-173,-73,-866,-116,5274,-259,93
410,40,-173,-73,-866,-118,5275,-259,93
411,41,-173,-74,-867,-120,5275,-258,92
412,41,-173,-73,-865,-117,5275,-259,95
413,41,-174,-74,-865,-118,5271,-260,95
414,41,-174,-74,-866,-119,5273,-258,94
415,41,-174,-73,-865,-118,5270,-259,95
416,41,-173,-74,-867,-119,5272,-260,94
417,41,-173,-73,-865,-119,5272,-258,95
418,41,-172,-73,-865,-118,5272,-258,94
419,41,-173,-74,-867,-118,5273,-261,94
420,41,-173,-74,-865,-119,5272,-259,95
421,42,-173,-72,-865,-119,5269,-258,93
422,42,-174,-74,-865,-121,5276,-257,91
423,42,-173,-73,-866,-121,5274,-257,91
424,42,-173,-73,-865,-120,5273,-260,94
425,42,-172,-74,-867,-121,5273,-260,94
426,42,-173,-74,-866,-120,5272,-259,93
427,42,-173,-74,-866,-121,5271,-259,94
428,42,-172,-74,-866,-120,5273,-259,93
429,42,-172,-73,-865,-120,5270,-258,93
430,42,-173,-73,-865,-120,5273,-259,93
431,43,-173,-74,-867,-120,5275,-258,92
432,43,-174,-74,-866,-120,5272,-258,92
433,43,-173,-74,-866,-122,5274,-259,93
434,43,-173,-74,-865,-121,5269,-259,93
435,43,-173,-74,-865,-120,5273,-259,92
436,43,-173,-74,-864,-120,5273,-258,92
437,43,-174,-75,-866,-120,5275,-259,93
438,43,-173,-74,-865,-121,5274,-258,92
439,43,-173,-74,-865,-120,5276,-257,92
440,43,-173,-75,-866,-121,5273,-258,92
441,44,-175,-74,-866,-121,5273,-258,91
442,44,-174,-74,-865,-121,5276,-257,91
443,44,-173,-73,-866,-121,5274,-257,91
444,44,-173,-73,-866,-121,5274,-257,93
445,44,-174,-74,-866,-121,5274,-257,91
446,44,-174,-75,-866,-121,5276,-257,92
447,44,-173,-74,-865,-122,5275,-258,92
448,44,-174,-74,-864,-121,5276,-260,92
449,44,-172,-74,-865,-122,5274,-257,92
450,44,-173,-73,-865,-122,5281,-255,92
451,45,-172,-73,-864,-122,5280,-256,92
452,45,-173,-72,-865,-121,5277,-255,93
453,45,-172,-73,-864,-123,5282,-256,92
454,45,-174,-74,-865,-123,5283,-258,91
455,45,-173,-74,-865,-121,5284,-258,92
456,45,-173,-73,-865,-124,5285,-257,91
457,45,-173,-73,-866,-124,5286,-258,92
458,45,-172,-74,-865,-123,5286,-258,90
459,45,-172,-74,-865,-123,5287,-256,93
460,45,-171,-74,-865,-123,5288,-255,91
461,46,-173,-74,-865,-123,5286,-256,91
462,46,-172,-73,-865,-123,5287,-254,92
463,46,-172,-74,-865,-123,5286,-256,91
464,46,-174,-74,-864,-124,5288,-256,92
465,46,-172,-74,-865,-122,5286,-254,92
466,46,-173,-74,-865,-123,5285,-256,91
467,46,-173,-74,-865,-123,5286,-256,92
468,46,-173,-74,-865,-123,5288,-256,92
469,46,-174,-73,-867,-123,5291,-256,92
470,46,-173,-74,-865,-123,5288,-256,91
471,47,-173,-72,-865,-124,5291,-256,90
472,47,-173,-73,-866,-123,5287,-254,91
473,47,-173,-74,-866,-123,5289,-257,91
474,47,-173,-75,-866,-123,5288,-256,92
475,47,-173,-74,-866,-123,5291,-257,92
476,47,-172,-74,-864,-124,5289,-256,92
477,47,-173,-73,-865,-124,5288,-255,92
478,47,-173,-73,-866,-123,5291,-255,92
479,47,-173,-74,-866,-124,5289,-255,92
480,47,-173,-74,-865,-123,5291,-255,91
481,48,-172,-73,-866,-123,5290,-255,92
482,48,-173,-75,-867,-124,5290,-254,92
483,48,-173,-74,-866,-124,5290,-254,91
484,48,-172,-73,-864,-123,5288,-256,91
485,48,-172,-74,-864,-124,5291,-255,91
486,48,-173,-74,-866,-123,5289,-255,93
487,48,-173,-73,-866,-125,5288,-254,92
488,48,-173,-72,-865,-124,5289,-254,91
489,48,-173,-73,-866,-124,5286,-253,91
490,48,-172,-73,-867,-126,5289,-256,92
491,49,-173,-72,-865,-124,5291,-256,90
492,49,-173,-73,-866,-123,5287,-254,91
493,49,-172,-73,-866,-124,5290,-255,90
494,49,-174,-73,-866,-124,5286,-254,92
495,49,-173,-72,-866,-124,5289,-255,91
496,49,-172,-73,-867,-124,5290,-256,92
497,49,-173,-73,-867,-124,5290,-255,92
498,49,-173,-72,-866,-125,5292,-253,91
499,49,-173,-75,-866,-125,5289,-254,91
500,49,-173,-74,-866,-125,5290,-254,91
501,50,-172,-73,-866,-124,5290,-255,91
502,50,-171,-73,-865,-124,5295,-252,91
503,50,-172,-74,-867,-123,5294,-254,91
504,50,-172,-73,-866,-123,5295,-254,92
505,50,-171,-72,-865,-125,5293,-254,92
506,50,-171,-73,-866,-124,5293,-252,91
507,50,-171,-73,-866,-123,5292,-252,91
508,50,-172,-73,-866,-123,5292,-253,91
509,50,-172,-72,-866,-123,5296,-253,91
510,50,-171,-74,-866,-121,5292,-253,91
511,51,-172,-74,-867,-123,5294,-252,92
512,51,-172,-72,-865,-122,5298,-251,91
513,51,-172,-74,-866,-121,5297,-254,92
514,51,-172,-73,-866,-120,5295,-252,91
515,51,-171,-73,-866,-121,5295,-250,91
516,51,-171,-74,-866,-121,5295,-251,92
517,51,-172,-73,-866,-122,5292,-249,90
518,51,-172,-73,-865,-120,5295,-250,91
519,51,-171,-73,-866,-120,5295,-252,92
520,51,-172,-72,-866,-121,5296,-249,91
521,52,-172,-72,-866,-115,5293,-248,89
522,52,-173,-73,-865,-121,5293,-250,90
523,52,-173,-73,-866,-120,5294,-251,90
524,52,-172,-72,-866,-120,5293,-251,90
525,52,-171,-73,-866,-119,5296,-249,90
526,52,-171,-74,-867,-119,5293,-250,89
527,52,-172,-73,-865,-120,5294,-248,90
528,52,-172,-73,-867,-120,5296,-250,89
529,52,-172,-73,-866,-119,5294,-250,90
530,52,-172,-73,-866,-118,5294,-250,90
531,53,-171,-73,-865,-113,5296,-248,89
532,53,-170,-71,-865,-114,5293,-249,88
533,53,-170,-72,-864,-114,5293,-247,89
534,53,-171,-73,-866,-117,5290,-249,90
535,53,-171,-73,-866,-119,5291,-249,90
536,53,-173,-73,-867,-117,5295,-247,89
537,53,-172,-72,-866,-116,5290,-249,89
538,53,-172,-73,-865,-116,5290,-248,90
539,53,-171,-73,-866,-117,5293,-249,89
540,53,-172,-72,-865,-116,5295,-248,89
541,54,-172,-72,-866,-115,5293,-248,89
542,54,-173,-73,-866,-116,5292,-248,88
543,54,-173,-72,-867,-115,5294,-248,89
544,54,-172,-73,-866,-115,5288,-248,89
545,54,-172,-71,-866,-115,5292,-248,89
546,54,-173,-72,-866,-115,5295,-245,89
547,54,-172,-72,-865,-114,5292,-249,89
548,54,-171,-71,-866,-113,5294,-248,89
549,54,-171,-72,-865,-115,5292,-248,90
550,54,-172,-71,-865,-114,5291,-250,90
551,55,-171,-73,-865,-113,5296,-248,89
552,55,-170,-71,-865,-114,5293,-249,88
553,55,-170,-72,-864,-114,5293,-247,89
554,55,-172,-72,-865,-115,5292,-247,89
555,55,-172,-72,-865,-114,5293,-249,89
556,55,-171,-74,-867,-114,5295,-249,90
557,55,-172,-72,-866,-114,5293,-249,90
558,55,-171,-72,-865,-113,5291,-250,89
559,55,-171,-72,-865,-114,5297,-250,91
560,55,-172,-71,-865,-114,5297,-247,89
561,56,-171,-73,-865,-114,5295,-250,89
562,56,-171,-73,-867,-114,5294,-248,91
563,56,-173,-73,-866,-114,5294,-249,90
564,56,-172,-72,-866,-114,5295,-250,91
565,56,-171,-73,-865,-113,5295,-247,91
566,56,-172,-73,-866,-114,5297,-247,90
567,56,-172,-74,-866,-116,5295,-251,91
568,56,-172,-73,-866,-115,5295,-249,91
569,56,-173,-73,-867,-114,5295,-249,90
570,56,-173,-73,-867,-114,5297,-248,89
571,57,-172,-73,-866,-112,5298,-249,90
572,57,-172,-73,-866,-112,5295,-250,90
573,57,-172,-73,-866,-114,5294,-249,91
574,57,-171,-73,-866,-115,5296,-248,91
575,57,-173,-73,-866,-114,5297,-249,91
576,57,-173,-73,-867,-113,5295,-250,90
577,57,-172,-73,-866,-114,5295,-249,90
578,57,-172,-73,-865,-113,5295,-248,91
579,57,-171,-73,-866,-114,5294,-249,90
580,57,-171,-72,-864,-115,5299,-248,89
581,58,-172,-73,-865,-116,5297,-247,91
582,58,-172,-73,-864,-116,5295,-247,91
583,58,-172,-72,-864,-114,5298,-247,90
584,58,-171,-72,-865,-114,5296,-248,91
585,58,-171,-70,-865,-114,5295,-247,91
586,58,-171,-72,-865,-114,5297,-248,91
587,58,-172,-72,-865,-114,5296,-247,91
588,58,-173,-72,-866,-113,5295,-247,91
589,58,-172,-73,-865,-114,5296,-248,91
590,58,-172,-74,-865,-113,5294,-247,91
591,59,-173,-73,-866,-115,5292,-247,90
592,59,-172,-74,-866,-115,5291,-247,91
593,59,-173,-73,-866,-113,5291,-247,91
594,59,-173,-72,-866,-114,5292,-249,90
595,59,-174,-74,-866,-113,5294,-249,91
596,59,-173,-74,-865,-115,5295,-247,91
597,59,-173,-74,-866,-115,5295,-248,92
598,59,-174,-73,-866,-115,5295,-247,93
599,59,-172,-73,-865,-115,5294,-248,91
600,59,-172,-73,-866,-116,5296,-248,93
601,60,-172,-73,-865,-116,5297,-247,91
602,60,-172,-73,-864,-116,5295,-247,91
603,60,-172,-72,-865,-115,5298,-247,91
604,60,-171,-72,-864,-116,5293,-248,91
605,60,-172,-72,-865,-116,5296,-248,92
606,60,-172,-73,-865,-115,5294,-246,92
607,60,-173,-74,-866,-115,5294,-246,92
608,60,-171,-73,-865,-114,5295,-246,92
609,60,-172,-72,-865,-115,5295,-247,92
610,60,-172,-74,-865,-114,5299,-245,92
611,61,-172,-74,-865,-114,5294,-247,91
612,61,-172,-73,-865,-114,5297,-248,92
613,61,-172,-72,-865,-114,5299,-247,92
614,61,-173,-73,-864,-113,5298,-247,91
615,61,-172,-73,-866,-113,5297,-246,90
616,61,-173,-72,-865,-113,5297,-247,91
617,61,-171,-72,-865,-115,5296,-247,92
618,61,-172,-73,-866,-114,5297,-246,92
619,61,-173,-74,-866,-115,5295,-246,92
620,61,-174,-73,-866,-114,5294,-245,92
621,62,-173,-73,-866,-114,5297,-245,91
622,62,-172,-73,-865,-115,5295,-244,92
623,62,-171,-72,-866,-114,5298,-243,93
624,62,-172,-72,-865,-114,5297,-243,93
625,62,-172,-73,-865,-116,5298,-244,92
626,62,-172,-74,-864,-115,5296,-244,92
627,62,-172,-73,-865,-113,5296,-243,93
628,62,-172,-72,-865,-115,5291,-244,92
629,62,-172,-72,-864,-115,5297,-242,91
630,62,-171,-72,-864,-115,5297,-242,93
631,63,-172,-72,-865,-116,5300,-239,93
632,63,-171,-72,-864,-115,5296,-242,93
633,63,-170,-71,-865,-116,5295,-240,94
634,63,-170,-70,-864,-115,5294,-242,93
635,63,-171,-71,-864,-116,5296,-240,93
636,63,-172,-72,-864,-115,5297,-239,93
637,63,-171,-72,-864,-115,5293,-242,94
638,63,-171,-72,-865,-116,5295,-240,93
639,63,-171,-72,-864,-115,5296,-240,93
640,63,-171,-71,-864,-115,5299,-239,93
641,64,-172,-72,-864,-117,5300,-238,93
642,64,-172,-73,-865,-118,5299,-235,92
643,64,-172,-73,-866,-119,5300,-234,94
644,64,-171,-72,-863,-116,5297,-239,93
645,64,-170,-71,-864,-117,5295,-239,93
646,64,-171,-72,-864,-114,5299,-241,92
647,64,-172,-72,-864,-116,5296,-239,93
648,64,-171,-72,-865,-118,5296,-238,93
649,64,-172,-72,-864,-116,5297,-239,93
650,64,-172,-73,-866,-117,5299,-238,93
651,65,-172,-72,-865,-116,5300,-239,93
652,65,-171,-72,-865,-116,5296,-236,93
653,65,-172,-72,-866,-117,5298,-235,92
654,65,-172,-72,-865,-118,5298,-236,93
655,65,-172,-72,-865,-118,5303,-237,93
656,65,-171,-72,-865,-117,5299,-239,92
657,65,-173,-72,-865,-117,5297,-236,93
658,65,-173,-73,-866,-117,5300,-237,93
659,65,-172,-71,-866,-117,5300,-237,93
660,65,-172,-72,-865,-118,5300,-236,92
661,66,-172,-72,-864,-117,5300,-238,93
662,66,-172,-73,-865,-118,5299,-235,92
663,66,-172,-73,-866,-119,5300,-234,94
664,66,-172,-73,-867,-118,5302,-237,93
665,66,-172,-73,-866,-119,5301,-236,92
666,66,-172,-73,-866,-121,5299,-236,93
667,66,-172,-72,-866,-119,5302,-235,92
668,66,-172,-72,-865,-119,5303,-235,93
669,66,-172,-72,-866,-120,5299,-232,92
670,66,-172,-73,-866,-119,5305,-233,94
671,67,-171,-72,-865,-119,5304,-234,93
672,67,-172,-71,-866,-118,5304,-235,92
673,67,-171,-72,-865,-119,5306,-234,92
674,67,-171,-72,-864,-119,5304,-232,91
675,67,-171,-71,-864,-119,5306,-234,92
676,67,-171,-72,-866,-118,5307,-233,92
677,67,-172,-73,-866,-118,5307,-234,91
678,67,-172,-73,-866,-118,5306,-233,92
679,67,-172,-73,-867,-119,5301,-234,93
680,67,-172,-72,-865,-119,5308,-234,91
681,68,-172,-72,-866,-118,5305,-231,91
682,68,-171,-72,-866,-119,5303,-231,91
683,68,-172,-72,-865,-120,5303,-231,92
684,68,-171,-72,-865,-118,5303,-232,92
685,68,-171,-71,-865,-118,5309,-233,91
686,68,-171,-71,-866,-119,5305,-231,92
687,68,-171,-72,-865,-117,5306,-232,89
688,68,-171,-72,-865,-117,5307,-230,91
689,68,-172,-72,-865,-117,5304,-231,91
690,68,-171,-72,-866,-119,5304,-231,89
691,69,-171,-71,-866,-121,5305,-227,90
692,69,-171,-72,-865,-122,5303,-228,90
693,69,-172,-71,-866,-119,5303,-232,91
694,69,-170,-72,-866,-118,5305,-229,90
695,69,-171,-72,-866,-118,5304,-229,91
696,69,-171,-71,-865,-119,5306,-230,91
697,69,-171,-71,-865,-119,5304,-229,91
698,69,-172,-71,-866,-120,5305,-230,91
699,69,-171,-72,-865,-120,5302,-228,89
700,69,-172,-71,-865,-121,5305,-230,90
701,70,-171,-72,-865,-120,5303,-228,90
702,70,-172,-73,-867,-121,5302,-228,88
703,70,-171,-73,-866,-121,5303,-227,91
704,70,-173,-73,-868,-120,5305,-227,90
705,70,-173,-73,-867,-120,5306,-227,89
706,70,-172,-72,-866,-121,5306,-228,89
707,70,-172,-73,-867,-122,5303,-226,89
708,70,-171,-73,-865,-120,5306,-227,90
709,70,-172,-71,-867,-122,5308,-227,90
710,70,-172,-72,-866,-121,5306,-226,88
711,71,-171,-71,-866,-121,5305,-227,90
712,71,-171,-72,-865,-122,5303,-228,90
713,71,-171,-73,-865,-121,5306,-226,90
714,71,-171,-71,-865,-122,5303,-227,89
715,71,-170,-71,-865,-121,5307,-225,90
716,71,-170,-70,-865,-121,5302,-227,89
717,71,-170,-70,-865,-121,5303,-226,89
718,71,-171,-71,-865,-121,5303,-227,87
719,71,-172,-71,-866,-122,5307,-228,89
720,71,-171,-72,-865,-120,5305,-228,89
721,72,-171,-73,-865,-121,5304,-227,88
722,72,-171,-72,-866,-121,5305,-228,88
723,72,-170,-72,-865,-121,5307,-228,88
724,72,-171,-72,-866,-121,5304,-227,88
725,72,-171,-72,-866,-122,5305,-228,87
726,72,-171,-72,-866,-121,5303,-227,87
727,72,-171,-72,-865,-120,5302,-228,88
728,72,-173,-73,-865,-120,5302,-227,87
729,72,-173,-72,-864,-119,5300,-227,87
730,72,-171,-71,-865,-119,5306,-227,86
731,73,-172,-72,-865,-120,5306,-227,87
732,73,-171,-71,-865,-120,5305,-227,86
733,73,-172,-72,-865,-119,5302,-227,87
734,73,-172,-71,-865,-119,5298,-225,86
735,73,-171,-72,-865,-119,5302,-227,86
736,73,-171,-72,-865,-119,5306,-226,87
737,73,-170,-72,-864,-119,5303,-226,85
738,73,-171,-71,-865,-119,5303,-227,86
739,73,-170,-72,-865,-118,5301,-225,86
740,73,-170,-71,-864,-119,5300,-227,86
741,74,-171,-71,-865,-119,5302,-227,85
742,74,-171,-70,-865,-120,5301,-226,85
743,74,-170,-71,-864,-120,5301,-225,87
744,74,-172,-71,-864,-119,5297,-226,86
745,74,-172,-72,-865,-118,5303,-228,85
746,74,-171,-71,-865,-119,5301,-229,85
747,74,-170,-71,-864,-118,5302,-227,85
748,74,-170,-71,-863,-118,5304,-227,86
749,74,-170,-72,-864,-118,5301,-227,85
750,74,-171,-72,-864,-119,5302,-226,86
751,75,-170,-70,-863,-120,5301,-226,84
752,75,-171,-71,-864,-120,5302,-224,85
753,75,-171,-71,-863,-119,5301,-226,84
754,75,-170,-72,-864,-119,5301,-226,85
755,75,-171,-71,-864,-120,5304,-227,85
756,75,-170,-72,-864,-119,5302,-224,85
757,75,-170,-70,-864,-119,5303,-223,85
758,75,-171,-71,-864,-120,5304,-227,84
759,75,-172,-72,-864,-120,5302,-225,86
760,75,-172,-72,-864,-119,5305,-226,85
761,76,-171,-71,-864,-119,5305,-226,85
762,76,-172,-72,-865,-119,5303,-227,85
763,76,-171,-71,-863,-118,5303,-226,84
764,76,-171,-71,-863,-119,5301,-226,85
765,76,-171,-72,-864,-119,5302,-226,85
766,76,-171,-71,-864,-118,5304,-226,86
767,76,-171,-72,-864,-118,5301,-226,85
768,76,-171,-72,-863,-119,5302,-227,85
769,76,-170,-71,-864,-119,5301,-224,84
770,76,-170,-71,-863,-119,5303,-225,84
771,77,-169,-69,-862,-121,5301,-223,85
772,77,-171,-71,-864,-120,5302,-224,85
773,77,-171,-71,-863,-119,5301,-226,84
774,77,-170,-70,-863,-119,5299,-225,86
775,77,-170,-70,-863,-121,5302,-226,85
776,77,-170,-70,-863,-120,5299,-225,85
777,77,-170,-71,-863,-122,5298,-227,85
778,77,-170,-70,-862,-120,5303,-224,84
779,77,-170,-70,-864,-121,5302,-224,84
780,77,-170,-70,-863,-122,5306,-225,84
781,78,-170,-69,-864,-121,5303,-225,84
782,78,-170,-70,-864,-122,5303,-225,84
783,78,-171,-70,-862,-120,5307,-224,83
784,78,-170,-70,-863,-122,5304,-224,84
785,78,-170,-70,-863,-121,5304,-224,84
786,78,-170,-71,-863,-121,5302,-224,85
787,78,-169,-70,-863,-121,5301,-223,84
788,78,-170,-70,-864,-121,5302,-223,84
789,78,-169,-70,-864,-122,5299,-222,84
790,78,-170,-70,-862,-122,5300,-224,83
791,79,-169,-69,-862,-121,5301,-223,85
792,79,-170,-69,-864,-123,5295,-225,84
793,79,-170,-70,-863,-122,5299,-222,84
794,79,-169,-69,-862,-123,5298,-222,84
795,79,-170,-69,-862,-123,5300,-223,84
796,79,-170,-69,-863,-123,5298,-224,85
797,79,-168,-70,-863,-125,5296,-223,84
798,79,-169,-69,-863,-123,5298,-224,83
799,79,-169,-70,-862,-124,5302,-225,85
800,79,-169,-70,-863,-123,5302,-221,84
801,80,-170,-70,-864,-124,5288,-220,84
802,80,-169,-70,-863,-123,5297,-223,84
803,80,-170,-70,-863,-125,5296,-223,83
804,80,-170,-69,-862,-124,5298,-224,83
805,80,-171,-70,-862,-124,5293,-222,84
806,80,-171,-71,-864,-125,5295,-223,83
807,80,-170,-70,-864,-124,5294,-223,83
808,80,-171,-70,-864,-124,5296,-222,83
809,80,-171,-70,-864,-123,5297,-222,84
810,80,-169,-70,-863,-124,5296,-221,84
811,81,-170,-70,-863,-124,5294,-221,82
812,81,-170,-70,-863,-124,5294,-220,84
813,81,-170,-70,-863,-123,5292,-220,84
814,81,-169,-71,-863,-123,5290,-219,84
815,81,-170,-71,-864,-124,5295,-218,83
816,81,-170,-70,-864,-123,5290,-219,83
817,81,-170,-70,-865,-123,5293,-218,84
818,81,-171,-71,-864,-123,5291,-219,84
819,81,-170,-71,-865,-123,5287,-219,84
820,81,-170,-70,-864,-122,5288,-219,84
821,82,-170,-70,-864,-124,5288,-220,84
822,82,-170,-71,-864,-123,5287,-220,85
823,82,-170,-70,-864,-123,5289,-218,84
824,82,-171,-70,-864,-124,5287,-219,84
825,82,-172,-71,-865,-122,5288,-219,83
826,82,-170,-71,-865,-123,5287,-220,83
827,82,-170,-70,-864,-122,5289,-218,83
828,82,-171,-70,-865,-123,5284,-220,82
829,82,-171,-70,-864,-123,5286,-218,83
830,82,-170,-71,-865,-121,5287,-218,83
831,83,-171,-71,-865,-122,5283,-219,83
832,83,-171,-70,-865,-122,5285,-218,83
833,83,-170,-70,-865,-123,5283,-220,83
834,83,-171,-71,-865,-122,5285,-220,82
835,83,-170,-71,-864,-123,5284,-220,83
836,83,-171,-71,-865,-124,5280,-219,82
837,83,-169,-71,-864,-122,5281,-220,82
838,83,-171,-70,-865,-123,5281,-219,83
839,83,-169,-70,-865,-123,5281,-216,83
840,83,-170,-71,-864,-123,5282,-217,82
841,84,-170,-71,-865,-123,5281,-218,83
842,84,-170,-69,-865,-124,5280,-218,83
843,84,-171,-71,-865,-124,5281,-219,83
844,84,-171,-70,-865,-122,5281,-218,82
845,84,-171,-71,-865,-124,5284,-219,83
846,84,-169,-70,-865,-123,5282,-219,82
847,84,-170,-70,-866,-124,5285,-218,83
848,84,-171,-70,-865,-123,5280,-218,82
849,84,-171,-70,-866,-124,5280,-218,83
850,84,-171,-71,-866,-124,5288,-217,83
851,85,-172,-72,-866,-125,5281,-217,83
852,85,-172,-71,-867,-124,5283,-215,83
853,85,-172,-71,-866,-124,5285,-217,82
854,85,-172,-71,-866,-124,5282,-217,83
855,85,-172,-70,-867,-125,5286,-217,83
856,85,-170,-72,-866,-125,5285,-217,82
857,85,-172,-72,-866,-125,5283,-216,82
858,85,-171,-72,-866,-126,5285,-216,81
859,85,-170,-71,-866,-126,5286,-216,82
860,85,-170,-71,-867,-125,5286,-218,83
861,86,-170,-70,-866,-128,5284,-215,82
862,86,-170,-71,-866,-127,5283,-215,82
863,86,-171,-71,-866,-127,5286,-216,82
864,86,-171,-70,-865,-125,5284,-215,82
865,86,-170,-70,-865,-126,5286,-216,82
866,86,-170,-70,-865,-127,5285,-216,82
867,86,-171,-70,-866,-127,5284,-217,84
868,86,-170,-71,-866,-127,5282,-216,82
869,86,-170,-70,-866,-128,5284,-216,82
870,86,-170,-70,-865,-129,5284,-217,82
871,87,-171,-70,-864,-128,5281,-218,82
872,87,-170,-70,-865,-127,5281,-215,83
873,87,-170,-70,-865,-126,5284,-216,83
874,87,-170,-70,-865,-128,5284,-214,83
875,87,-170,-68,-866,-128,5282,-216,82
876,87,-169,-69,-866,-127,5279,-217,83
877,87,-170,-70,-865,-127,5281,-216,82
878,87,-170,-69,-865,-127,5282,-215,82
879,87,-169,-69,-865,-127,5282,-214,83
880,87,-171,-69,-865,-126,5283,-214,83
881,88,-170,-69,-864,-126,5280,-218,83
882,88,-170,-71,-866,-127,5283,-215,82
883,88,-171,-70,-867,-127,5284,-216,82
884,88,-171,-70,-864,-128,5281,-216,83
885,88,-170,-71,-865,-128,5285,-216,83
886,88,-171,-69,-866,-128,5286,-215,83
887,88,-171,-71,-866,-128,5280,-216,83
888,88,-171,-69,-866,-129,5282,-214,83
889,88,-170,-69,-865,-128,5283,-214,83
890,88,-169,-69,-865,-126,5284,-215,83
891,89,-169,-69,-865,-127,5286,-215,83
892,89,-169,-70,-865,-127,5286,-215,82
893,89,-171,-70,-865,-126,5283,-215,82
894,89,-170,-69,-864,-128,5280,-215,83
895,89,-168,-69,-864,-127,5282,-214,85
896,89,-170,-70,-863,-127,5282,-215,84
897,89,-169,-70,-864,-127,5281,-214,84
898,89,-169,-69,-865,-127,5279,-213,83
899,89,-169,-69,-864,-127,5279,-216,84
900,89,-170,-69,-865,-127,5281,-215,84
901,90,-170,-69,-864,-126,5280,-218,83
902,90,-169,-70,-864,-127,5282,-215,84
903,90,-170,-70,-864,-126,5282,-215,85
904,90,-170,-70,-863,-126,5282,-218,85
905,90,-170,-70,-864,-126,5284,-216,84
906,90,-170,-69,-864,-126,5283,-216,84
907,90,-169,-69,-864,-126,5283,-216,84
908,90,-169,-69,-864,-126,5284,-216,83
909,90,-170,-70,-865,-126,5285,-217,83
910,90,-170,-70,-865,-126,5285,-216,83
911,91,-169,-68,-864,-128,5285,-215,83
912,91,-171,-70,-866,-125,5285,-216,84
913,91,-171,-70,-865,-125,5283,-216,83
914,91,-170,-70,-865,-126,5282,-216,83
915,91,-171,-70,-865,-126,5283,-216,83
916,91,-170,-71,-865,-125,5282,-219,83
917,91,-169,-71,-865,-126,5286,-216,83
918,91,-170,-70,-864,-126,5287,-216,84
919,91,-170,-70,-864,-126,5284,-217,84
920,91,-170,-69,-863,-126,5286,-217,84
921,92,-169,-68,-863,-126,5281,-217,83
922,92,-170,-69,-864,-127,5284,-216,82
923,92,-169,-69,-863,-125,5286,-216,83
924,92,-169,-69,-864,-127,5281,-217,83
925,92,-169,-68,-863,-129,5285,-214,82
926,92,-169,-68,-863,-129,5284,-215,83
927,92,-169,-69,-863,-127,5282,-217,83
928,92,-170,-70,-864,-129,5281,-216,83
929,92,-169,-69,-863,-128,5283,-217,84
930,92,-169,-68,-863,-129,5285,-214,82
931,93,-169,-68,-864,-128,5285,-215,83
932,93,-169,-68,-862,-130,5284,-216,83
933,93,-168,-68,-863,-129,5284,-216,83
934,93,-169,-69,-862,-129,5285,-217,83
935,93,-169,-70,-862,-130,5285,-217,84
936,93,-168,-69,-863,-130,5285,-218,82
937,93,-169,-70,-864,-130,5284,-217,85
938,93,-169,-69,-863,-130,5284,-216,83
939,93,-169,-69,-863,-132,5285,-216,84
940,93,-169,-69,-863,-129,5285,-217,84
941,94,-170,-69,-864,-130,5284,-215,84
942,94,-169,-70,-862,-130,5283,-215,85
943,94,-171,-68,-863,-130,5284,-216,84
944,94,-169,-68,-862,-130,5284,-217,84
945,94,-168,-69,-863,-130,5287,-215,84
946,94,-169,-68,-863,-130,5285,-213,86
947,94,-170,-69,-865,-131,5281,-215,85
948,94,-169,-70,-864,-131,5282,-213,85
949,94,-170,-69,-863,-130,5282,-215,84
950,94,-170,-69,-863,-130,5284,-216,85
951,95,-170,-70,-863,-131,5283,-212,85
952,95,-170,-70,-864,-132,5283,-213,86
953,95,-170,-70,-864,-131,5281,-213,86
954,95,-169,-70,-864,-130,5283,-214,86
955,95,-171,-70,-865,-131,5283,-213,86
956,95,-170,-70,-863,-131,5283,-213,86
957,95,-169,-69,-864,-132,5285,-212,86
958,95,-170,-69,-864,-132,5283,-212,85
959,95,-170,-69,-864,-132,5283,-212,85
960,95,-170,-69,-864,-131,5282,-212,86
961,96,-170,-69,-864,-132,5280,-212,85
962,96,-169,-69,-864,-133,5283,-213,86
963,96,-171,-70,-864,-132,5286,-212,87
964,96,-172,-70,-864,-131,5286,-212,87
965,96,-171,-69,-863,-131,5289,-212,85
966,96,-171,-69,-863,-132,5285,-214,85
967,96,-169,-69,-864,-131,5283,-213,86
968,96,-170,-69,-864,-132,5283,-214,87
969,96,-169,-69,-863,-134,5287,-212,87
970,96,-168,-69,-864,-133,5287,-213,86
971,97,-170,-69,-864,-131,5284,-213,85
972,97,-170,-69,-864,-133,5282,-214,84
973,97,-168,-68,-864,-132,5286,-213,86
974,97,-169,-69,-863,-132,5284,-211,86
975,97,-169,-69,-864,-132,5285,-212,86
976,97,-169,-69,-864,-134,5287,-214,86
977,97,-170,-69,-862,-134,5284,-213,86
978,97,-169,-69,-864,-135,5280,-214,87
979,97,-169,-69,-863,-135,5282,-215,87
980,97,-170,-70,-863,-134,5284,-213,86
981,98,-169,-69,-863,-132,5282,-214,87
982,98,-168,-68,-863,-133,5285,-214,86
983,98,-168,-68,-864,-133,5285,-214,86
984,98,-169,-69,-864,-132,5284,-216,86
985,98,-169,-70,-865,-132,5287,-215,86
986,98,-170,-70,-864,-132,5286,-215,86
987,98,-170,-70,-864,-133,5284,-215,86
988,98,-170,-69,-864,-132,5282,-213,86
989,98,-171,-69,-864,-133,5281,-214,86
990,98,-170,-69,-864,-133,5281,-214,84
991,99,-170,-69,-864,-131,5284,-213,85
992,99,-170,-69,-864,-133,5282,-214,84
993,99,-169,-69,-864,-132,5283,-213,85
994,99,-170,-69,-864,-131,5280,-214,85
995,99,-170,-69,-864,-131,5281,-214,84
996,99,-170,-69,-864,-130,5283,-212,84
997,99,-170,-69,-864,-131,5285,-213,85
998,99,-170,-70,-864,-132,5287,-213,85
999,99,-171,-71,-864,-131,5287,-212,84
1000,99,-171,-70,-865,-131,5287,-215,85
1001,100,-171,-69,-864,-131,5286,-213,86
1002,100,-172,-70,-865,-131,5287,-215,85
1003,100,-172,-70,-866,-130,5288,-214,84
1004,100,-170,-70,-867,-131,5287,-212,85
1005,100,-170,-70,-866,-130,5287,-212,85
1006,100,-171,-70,-866,-130,5291,-214,86
1007,100,-172,-70,-865,-129,5288,-214,86
1008,100,-170,-71,-864,-130,5290,-213,85
1009,100,-171,-70,-865,-130,5285,-214,86
1010,100,-171,-69,-866,-129,5285,-213,85
1011,101,-171,-69,-867,-129,5285,-213,87
1012,101,-172,-71,-867,-130,5285,-214,86
1013,101,-171,-70,-867,-129,5287,-212,87
1014,101,-171,-70,-866,-129,5288,-211,86
1015,101,-171,-69,-866,-128,5286,-213,86
1016,101,-172,-70,-865,-129,5287,-212,86
1017,101,-171,-69,-865,-129,5287,-211,87
1018,101,-170,-70,-865,-128,5285,-213,87
1019,101,-170,-69,-865,-129,5286,-211,87
1020,101,-171,-70,-866,-128,5287,-214,86
1021,102,-171,-69,-866,-125,5294,-215,88
1022,102,-171,-69,-866,-127,5288,-214,87
1023,102,-171,-70,-866,-127,5288,-213,86
1024,102,-171,-69,-865,-128,5286,-212,86
1025,102,-171,-70,-866,-127,5288,-213,86
1026,102,-171,-70,-866,-128,5291,-213,87
1027,102,-171,-70,-866,-127,5288,-214,87
1028,102,-171,-69,-866,-126,5288,-214,86
1029,102,-171,-70,-866,-126,5289,-214,86
1030,102,-172,-72,-865,-127,5289,-213,86
1031,103,-172,-71,-866,-124,5298,-214,88
1032,103,-172,-70,-865,-124,5297,-216,88
1033,103,-172,-69,-865,-123,5298,-215,88
1034,103,-169,-70,-865,-127,5295,-214,87
1035,103,-171,-68,-865,-126,5297,-214,88
1036,103,-171,-70,-865,-126,5296,-213,88
1037,103,-171,-70,-865,-127,5295,-212,87
1038,103,-172,-69,-866,-126,5294,-214,87
1039,103,-171,-69,-865,-126,5295,-214,86
1040,103,-171,-69,-866,-125,5297,-213,89
1041,104,-171,-69,-866,-125,5294,-215,88
1042,104,-171,-69,-866,-125,5295,-216,88
1043,104,-170,-69,-865,-124,5299,-214,88
1044,104,-171,-69,-866,-124,5297,-214,90
1045,104,-170,-69,-866,-123,5299,-214,89
1046,104,-170,-71,-866,-124,5299,-216,89
1047,104,-171,-70,-867,-124,5297,-215,89
1048,104,-172,-70,-866,-125,5298,-217,88
1049,104,-172,-70,-866,-125,5300,-215,88
1050,104,-171,-70,-866,-124,5300,-215,88
1051,105,-172,-71,-866,-124,5298,-214,88
1052,105,-172,-70,-865,-124,5297,-216,88
1053,105,-172,-69,-865,-123,5298,-215,88
1054,105,-171,-70,-866,-123,5299,-217,90
1055,105,-171,-70,-865,-123,5299,-217,89
1056,105,-171,-70,-866,-123,5300,-215,89
1057,105,-171,-70,-866,-123,5298,-217,88
1058,105,-170,-70,-866,-123,5296,-217,88
1059,105,-171,-71,-865,-124,5300,-217,88
1060,105,-172,-70,-865,-123,5301,-218,89
1061,106,-171,-70,-865,-124,5299,-218,88
1062,106,-171,-70,-866,-123,5298,-219,89
1063,106,-171,-70,-865,-125,5299,-217,89
1064,106,-171,-70,-865,-125,5296,-216,90
1065,106,-171,-69,-865,-124,5299,-217,89
1066,106,-171,-69,-864,-124,5296,-217,88
1067,106,-171,-70,-865,-123,5297,-217,89
1068,106,-170,-70,-865,-124,5298,-217,89
1069,106,-171,-69,-865,-124,5297,-217,89
1070,106,-171,-70,-865,-123,5297,-217,88
1071,107,-172,-70,-864,-123,5294,-217,88
1072,107,-172,-69,-865,-123,5297,-220,90
1073,107,-170,-69,-864,-122,5293,-219,88
1074,107,-171,-70,-863,-121,5294,-219,89
1075,107,-171,-69,-864,-123,5296,-221,89
1076,107,-171,-69,-864,-123,5297,-220,89
1077,107,-170,-69,-864,-123,5295,-218,89
1078,107,-170,-70,-864,-122,5299,-219,88
1079,107,-171,-69,-863,-123,5300,-219,90
1080,107,-171,-70,-864,-123,5297,-219,90
1081,108,-171,-70,-863,-124,5300,-217,88
1082,108,-171,-69,-863,-124,5302,-220,89
1083,108,-170,-70,-863,-123,5298,-218,88
1084,108,-171,-69,-865,-123,5297,-218,88
1085,108,-172,-71,-864,-124,5299,-216,88
1086,108,-171,-70,-864,-124,5300,-219,89
1087,108,-172,-68,-864,-125,5297,-217,89
1088,108,-171,-69,-864,-124,5300,-219,89
1089,108,-171,-70,-864,-124,5299,-219,89
1090,108,-170,-69,-864,-124,5303,-218,87
1091,109,-171,-68,-865,-124,5303,-217,87
1092,109,-171,-69,-864,-124,5304,-220,87
1093,109,-171,-69,-865,-125,5302,-220,88
1094,109,-170,-70,-864,-124,5296,-219,88
1095,109,-170,-70,-865,-123,5301,-218,88
1096,109,-171,-70,-864,-123,5303,-218,89
1097,109,-172,-71,-864,-122,5301,-219,88
1098,109,-171,-71,-864,-125,5299,-219,88
1099,109,-171,-70,-864,-124,5302,-220,87
1100,109,-170,-70,-863,-123,5300,-220,89
1101,110,-171,-70,-863,-124,5300,-217,88
1102,110,-171,-69,-863,-124,5302,-220,89
1103,110,-171,-70,-863,-124,5299,-221,89
1104,110,-171,-71,-864,-124,5301,-220,88
1105,110,-171,-71,-864,-124,5303,-219,89
1106,110,-172,-70,-864,-124,5299,-221,89
1107,110,-172,-69,-864,-124,5301,-220,87
1108,110,-171,-70,-863,-124,5302,-221,88
1109,110,-170,-69,-863,-125,5301,-220,89
1110,110,-170,-69,-863,-125,5304,-219,88
1111,111,-170,-69,-863,-125,5301,-219,88
1112,111,-169,-69,-864,-125,5299,-217,87
1113,111,-171,-69,-865,-125,5300,-219,88
1114,111,-170,-70,-864,-125,5300,-219,87
1115,111,-170,-69,-864,-125,5300,-220,87
1116,111,-171,-70,-863,-125,5300,-218,88
1117,111,-172,-70,-864,-125,5298,-218,87
1118,111,-171,-69,-865,-126,5300,-217,87
1119,111,-172,-70,-864,-125,5299,-219,87
1120,111,-172,-69,-864,-125,5300,-219,87
1121,112,-171,-70,-865,-126,5300,-217,88
1122,112,-171,-70,-865,-126,5300,-218,87
1123,112,-170,-68,-864,-126,5300,-219,89
1124,112,-172,-70,-865,-125,5299,-217,88
